{
  "Comments": [
    "FF parameters and their uncertainties BLPR th:L_{w\\geq 1}+SR fit in arXiv:1703.05330",
    "Parameters and uncertianties taken from Table II, correlations from Appendix B"
  ],
  "Params": [
    "normscale",
    "RhoSq",
    "Chi21",
    "Chi2p",
    "Chi3p",
    "Eta1",
    "Etap",
    "mb",
    "delta_mbc"
  ],
  "Type": "Symmetric",
  "Mean": {
    "normscale": 0.9371,
    "RhoSq": 1.24,
    "Chi21": -0.06,
    "Chi2p": 0.0,
    "Chi3p": 0.05,
    "Eta1": 0.3,
    "Etap": -0.05,
    "mb": 4.71,
    "delta_mbc": 3.4
  },
  "Error": {
    "normscale": 0.01345,
    "RhoSq": 0.08,
    "Chi21": 0.02,
    "Chi2p": 0.02,
    "Chi3p": 0.02,
    "Eta1": 0.04,
    "Etap": 0.1,
    "mb": 0.05,
    "delta_mbc": 0.02
  },
  "Cov": [
    [
      0.0001809025,
      -0.0,
      -0.0,
      -0.0,
      -0.0,
      -0.0,
      -0.0,
      -0.0,
      -0.0
    ],
    [
      -0.0,
      0.0064,
      -0.00043200000000000004,
      -0.00020800000000000004,
      0.0012960000000000003,
      0.00025600000000000004,
      -0.0005600000000000001,
      -0.0009599999999999999,
      3.2000000000000005e-05
    ],
    [
      -0.0,
      -0.00043200000000000004,
      0.0004,
      0.0,
      4.000000000000001e-06,
      8.000000000000001e-06,
      5.9999999999999995e-05,
      -1e-05,
      0.0
    ],
    [
      -0.0,
      -0.00020800000000000004,
      0.0,
      0.0004,
      -4.000000000000001e-06,
      -8.000000000000001e-06,
      2e-05,
      1e-05,
      -0.0
    ],
    [
      -0.0,
      0.0012960000000000003,
      4.000000000000001e-06,
      -4.000000000000001e-06,
      0.0004,
      -1.6000000000000003e-05,
      -0.00018,
      4e-05,
      -0.0
    ],
    [
      -0.0,
      0.00025600000000000004,
      8.000000000000001e-06,
      -8.000000000000001e-06,
      -1.6000000000000003e-05,
      0.0016,
      0.00044000000000000007,
      -0.0009599999999999999,
      3.2000000000000005e-05
    ],
    [
      -0.0,
      -0.0005600000000000001,
      6e-05,
      2e-05,
      -0.00017999999999999998,
      0.00044000000000000007,
      0.010000000000000002,
      0.00035000000000000005,
      -2e-05
    ],
    [
      -0.0,
      -0.00096,
      -1e-05,
      1e-05,
      4e-05,
      -0.00096,
      0.00035000000000000005,
      0.0025000000000000005,
      0.0
    ],
    [
      -0.0,
      3.2000000000000005e-05,
      0.0,
      -0.0,
      -0.0,
      3.2000000000000005e-05,
      -2e-05,
      0.0,
      0.0004
    ]
  ],
  "Corr": [
    [
      1.0,
      -0.0,
      -0.0,
      -0.0,
      -0.0,
      -0.0,
      -0.0,
      -0.0,
      -0.0
    ],
    [
      -0.0,
      1.0,
      -0.27,
      -0.13,
      0.81,
      0.08,
      -0.07,
      -0.24,
      0.02
    ],
    [
      -0.0,
      -0.27,
      1.0,
      0.0,
      0.01,
      0.01,
      0.03,
      -0.01,
      0.0
    ],
    [
      -0.0,
      -0.13,
      0.0,
      1.0,
      -0.01,
      -0.01,
      0.01,
      0.01,
      -0.0
    ],
    [
      -0.0,
      0.81,
      0.01,
      -0.01,
      1.0,
      -0.02,
      -0.09,
      0.04,
      -0.0
    ],
    [
      -0.0,
      0.08,
      0.01,
      -0.01,
      -0.02,
      1.0,
      0.11,
      -0.48,
      0.04
    ],
    [
      -0.0,
      -0.07,
      0.03,
      0.01,
      -0.09,
      0.11,
      1.0,
      0.07,
      -0.01
    ],
    [
      -0.0,
      -0.24,
      -0.01,
      0.01,
      0.04,
      -0.48,
      0.07,
      1.0,
      0.0
    ],
    [
      -0.0,
      0.02,
      0.0,
      -0.0,
      -0.0,
      0.04,
      -0.01,
      0.0,
      1.0
    ]
  ]
}