{
  "Params": [
    "f+_0",
    "f+_1",
    "f+_2",
    "f0_1",
    "f0_2",
    "fT_0",
    "fT_1",
    "fT_2"
  ],
  "Mean": {
    "f+_0": 0.1959500850585235,
    "f+_1": -0.7763565146997043,
    "f+_2": -0.1966053721924302,
    "f0_1": -0.01446803146697799,
    "f0_2": -0.1952966741104731,
    "fT_0": 0.1731165482248272,
    "fT_1": -0.409037165241304,
    "fT_2": -0.2580355775883392
  },
  "Error": {
    "f+_0": 0.02094201395789157,
    "f+_1": 0.12199636013692769,
    "f+_2": 0.22009581592216554,
    "f0_1": 0.09007353118616725,
    "f0_2": 0.09924268524769217,
    "fT_0": 0.030213291867466126,
    "fT_1": 0.4726216256157875,
    "fT_2": 6.639707164356717
  },
  "Cov": [
    [
      0.00043856794861252534,
      0.0017006856751306649,
      0.001786913535717968,
      0.0017914737390350283,
      0.0018540920361886388,
      0.0004311909133771929,
      -0.0015334341017332628,
      0.002598365737844671
    ],
    [
      0.0017006856751306649,
      0.014883111886658959,
      0.02417539654419418,
      0.00749644233355567,
      0.008231801769630478,
      0.001833162600288919,
      -0.006471988885214938,
      0.013309700515067472
    ],
    [
      0.001786913535717968,
      0.02417539654419418,
      0.04844216818644378,
      0.008246031014344408,
      0.009495119542414368,
      0.002101571695564886,
      -0.007626881587186422,
      0.01982726885117746
    ],
    [
      0.0017914737390350279,
      0.007496442333555669,
      0.008246031014344407,
      0.008113241020345444,
      0.008807995399935277,
      0.0017809604838056443,
      -0.006330454727963526,
      0.010605966562237881
    ],
    [
      0.0018540920361886386,
      0.008231801769630478,
      0.009495119542414368,
      0.008807995399935277,
      0.009849110575172498,
      0.001856588671141269,
      -0.0066113261472459045,
      0.01129768794928071
    ],
    [
      0.00043119091337719297,
      0.001833162600288919,
      0.002101571695564886,
      0.001780960483805644,
      0.0018565886711412692,
      0.0009128430054686948,
      -0.00133712983570972,
      -0.061417813043364716
    ],
    [
      -0.001533434101733263,
      -0.0064719888852149375,
      -0.007626881587186423,
      -0.006330454727963527,
      -0.006611326147245904,
      -0.00133712983570972,
      0.2233712009997096,
      -2.524163243360965
    ],
    [
      0.002598365737844671,
      0.013309700515067472,
      0.01982726885117746,
      0.01060596656223788,
      0.01129768794928071,
      -0.06141781304336472,
      -2.524163243360965,
      44.08571122840992
    ]
  ],
  "Corr": [
    [
      1.0,
      0.6656696179459998,
      0.3876799201060549,
      0.9497183136412624,
      0.8921016387622159,
      0.6814799917013313,
      -0.15492913026530808,
      0.018686712781974264
    ],
    [
      0.6656696179459998,
      1.0,
      0.9003574169524068,
      0.6821991002965604,
      0.6799070174811296,
      0.4973430677476677,
      -0.11224766094386568,
      0.0164313211603884
    ],
    [
      0.3876799201060549,
      0.9003574169524068,
      1.0,
      0.41594507695174265,
      0.434700503887041,
      0.3160344147678302,
      -0.07331986007622997,
      0.013567573505162623
    ],
    [
      0.9497183136412624,
      0.6821991002965604,
      0.41594507695174265,
      1.0,
      0.9853292690508213,
      0.6544237443805889,
      -0.14870450606167,
      0.017733895251146107
    ],
    [
      0.8921016387622159,
      0.6799070174811296,
      0.434700503887041,
      0.9853292690508213,
      1.0,
      0.6191831700783932,
      -0.14095370174347754,
      0.017145183696868977
    ],
    [
      0.6814799917013313,
      0.4973430677476677,
      0.3160344147678302,
      0.6544237443805889,
      0.6191831700783932,
      1.0,
      -0.09364011614568425,
      -0.3061592435648203
    ],
    [
      -0.15492913026530808,
      -0.11224766094386568,
      -0.07331986007622997,
      -0.14870450606167,
      -0.14095370174347754,
      -0.09364011614568425,
      1.0,
      -0.8043682556407411
    ],
    [
      0.018686712781974264,
      0.0164313211603884,
      0.013567573505162623,
      0.017733895251146107,
      0.017145183696868977,
      -0.3061592435648203,
      -0.8043682556407411,
      1.0
    ]
  ]
}